{
  "sample_count": 1500,
  "categories": [
    "JACKETS & COATS",
    "SKIRTS",
    "DRESSES",
    "SHORTS",
    "TOPS",
    "JEANS",
    "SHIRTS",
    "SWEATERS",
    "PANTS",
    "SNEAKERS"
  ],
  "manifest": "tsne/fashiongen_tsne_manifest.json",
  "retrieval_checkpoint": "retrieval_only/joint_clip_step_4968.pt",
  "joint_checkpoint": "joint_w0p08/joint_clip_step_3726.pt",
  "zero_shot": {
    "knn_same_category_at5": 0.664,
    "knn_same_category_at10": 0.6461333333333333,
    "silhouette": 0.07415629178285599,
    "calinski_harabasz": 39.95819091796875,
    "davies_bouldin": 3.8176918787122327
  },
  "retrieval_only": {
    "knn_same_category_at5": 0.6612,
    "knn_same_category_at10": 0.6374666666666667,
    "silhouette": 0.07084795832633972,
    "calinski_harabasz": 29.263383865356445,
    "davies_bouldin": 4.246375976947273
  },
  "joint": {
    "knn_same_category_at5": 0.7552,
    "knn_same_category_at10": 0.7416,
    "silhouette": 0.13706634938716888,
    "calinski_harabasz": 49.690818786621094,
    "davies_bouldin": 3.2022253291395315
  }
}