{
  "config": {
    "seed": 42,
    "batch_size": 128,
    "epochs": 20,
    "min_epochs": 5,
    "patience": 3,
    "early_stop_min_delta": 0.0,
    "max_steps": null,
    "eval_every": 100,
    "eval_max_batches": 125,
    "joint_cls_weight": 0.08,
    "source": "lambda_sweep_best",
    "lambda_sweep_weights": [
      0.01,
      0.02,
      0.03,
      0.04,
      0.05,
      0.06,
      0.07,
      0.08,
      0.09,
      0.1
    ]
  },
  "retrieval_only": {
    "eval_file": "eval_20260330_220138.jsonl",
    "best_eval": {
      "num_samples": 6912,
      "align_loss": 0.6965253281372564,
      "cls_loss": null,
      "cls_acc": null,
      "cls_valid_count": 0,
      "recall@1_t2i": 0.18287037312984467,
      "recall@1_i2t": 0.1623263955116272,
      "recall@5_t2i": 0.62109375,
      "recall@5_i2t": 0.6299189925193787,
      "recall@10_t2i": 0.7358217835426331,
      "recall@10_i2t": 0.7414641380310059,
      "avg_r1": 0.17259838432073593,
      "avg_r5": 0.6255063712596893,
      "avg_r10": 0.7386429607868195,
      "two_stage_mode": "off",
      "base_avg_r1": 0.17259838432073593,
      "base_avg_r5": 0.6255063712596893,
      "base_avg_r10": 0.7386429607868195,
      "step": 2500,
      "epoch": 7,
      "cls_weight_effective": 0.0,
      "score": 0.5235749520361423
    },
    "run_dir": "retrieval_only",
    "checkpoint": "joint_clip_step_4968.pt",
    "source_comparison": "comparison.json"
  },
  "joint_shared": {
    "eval_file": null,
    "best_eval": {
      "num_samples": 6912,
      "avg_r1": 0.17042823880910873,
      "avg_r5": 0.6307147145271301,
      "avg_r10": 0.7437789440155029,
      "score": 0.5265480406582355,
      "step": 1656,
      "epoch": 4,
      "cls_weight_effective": 0.08,
      "two_stage_mode": "off"
    },
    "run_dir": "joint_w0p08",
    "checkpoint": "joint_clip_step_3726.pt"
  },
  "delta": {
    "avg_r1": -0.0021701455116271973,
    "avg_r5": 0.005208343267440796,
    "avg_r10": 0.005135983228683472,
    "score": 0.002973088622093112
  }
}