{
  "config": {
    "seed": 42,
    "batch_size": 128,
    "epochs": 1,
    "max_steps": 12000,
    "eval_every": 100,
    "eval_max_batches": 125,
    "joint_cls_weight": 0.05
  },
  "retrieval_only": {
    "eval_file": "eval_20260329_191110.jsonl",
    "best_eval": {
      "num_samples": 6912,
      "align_loss": 0.61059938315992,
      "cls_loss": null,
      "cls_acc": null,
      "cls_valid_count": 0,
      "recall@1_t2i": 0.1818576455116272,
      "recall@1_i2t": 0.15465857088565826,
      "recall@5_t2i": 0.5982349514961243,
      "recall@5_i2t": 0.5962094664573669,
      "recall@10_t2i": 0.7200520634651184,
      "recall@10_i2t": 0.7110821604728699,
      "avg_r1": 0.16825810819864273,
      "avg_r5": 0.5972222089767456,
      "avg_r10": 0.7155671119689941,
      "two_stage_mode": "off",
      "base_avg_r1": 0.16825810819864273,
      "base_avg_r5": 0.5972222089767456,
      "base_avg_r10": 0.7155671119689941,
      "step": 400,
      "epoch": 1,
      "cls_weight_effective": 0.0,
      "score": 0.5040364496409893
    },
    "run_dir": "retrieval_only"
  },
  "joint_shared": {
    "eval_file": "eval_20260329_191846.jsonl",
    "best_eval": {
      "num_samples": 6912,
      "align_loss": 0.5764564891104345,
      "cls_loss": null,
      "cls_acc": null,
      "cls_valid_count": 0,
      "recall@1_t2i": 0.1831597238779068,
      "recall@1_i2t": 0.1536458283662796,
      "recall@5_t2i": 0.6066261529922485,
      "recall@5_i2t": 0.6053240895271301,
      "recall@10_t2i": 0.7248263955116272,
      "recall@10_i2t": 0.7193287014961243,
      "avg_r1": 0.1684027761220932,
      "avg_r5": 0.6059751212596893,
      "avg_r10": 0.7220775485038757,
      "two_stage_mode": "off",
      "base_avg_r1": 0.1684027761220932,
      "base_avg_r5": 0.6059751212596893,
      "base_avg_r10": 0.7220775485038757,
      "step": 400,
      "epoch": 1,
      "cls_weight_effective": 0.04000000000000001,
      "score": 0.5095341458916665
    },
    "run_dir": "joint_shared"
  },
  "delta": {
    "avg_r1": 0.00014466792345046997,
    "avg_r5": 0.008752912282943726,
    "avg_r10": 0.006510436534881592,
    "score": 0.005497696250677198
  }
}
