{
  "config": {
    "seed": 42,
    "batch_size": 128,
    "epochs": 20,
    "min_epochs": 5,
    "patience": 3,
    "early_stop_min_delta": 0.0,
    "max_steps": null,
    "eval_every": 100,
    "eval_max_batches": 125,
    "weights": [
      0.01,
      0.02,
      0.03,
      0.04,
      0.05,
      0.06,
      0.07,
      0.08,
      0.09,
      0.1
    ],
    "keep_top_k": 2,
    "baseline_comparison_json": "comparison.json"
  },
  "baseline": {
    "eval_file": "eval_20260330_220138.jsonl",
    "best_eval": {
      "num_samples": 6912,
      "align_loss": 0.6965253281372564,
      "cls_loss": null,
      "cls_acc": null,
      "cls_valid_count": 0,
      "recall@1_t2i": 0.18287037312984467,
      "recall@1_i2t": 0.1623263955116272,
      "recall@5_t2i": 0.62109375,
      "recall@5_i2t": 0.6299189925193787,
      "recall@10_t2i": 0.7358217835426331,
      "recall@10_i2t": 0.7414641380310059,
      "avg_r1": 0.17259838432073593,
      "avg_r5": 0.6255063712596893,
      "avg_r10": 0.7386429607868195,
      "two_stage_mode": "off",
      "base_avg_r1": 0.17259838432073593,
      "base_avg_r5": 0.6255063712596893,
      "base_avg_r10": 0.7386429607868195,
      "step": 2500,
      "epoch": 7,
      "cls_weight_effective": 0.0,
      "score": 0.5235749520361423
    },
    "run_dir": "retrieval_only",
    "checkpoint": "joint_clip_step_4968.pt",
    "source_comparison": "comparison.json"
  },
  "ranked_results": [
    {
      "cls_weight": 0.08,
      "score": 0.5265480406582355,
      "avg_r1": 0.17042823880910873,
      "avg_r5": 0.6307147145271301,
      "avg_r10": 0.7437789440155029,
      "delta_score": 0.002973088622093112,
      "delta_avg_r1": -0.0021701455116271973,
      "delta_avg_r5": 0.005208343267440796,
      "delta_avg_r10": 0.005135983228683472,
      "checkpoint": "joint_clip_step_3726.pt",
      "run_dir": "joint_w0p08",
      "best_step": 1656,
      "best_epoch": 4
    },
    {
      "cls_weight": 0.06,
      "score": 0.5254412665963173,
      "avg_r1": 0.17476852238178253,
      "avg_r5": 0.6272424757480621,
      "avg_r10": 0.7403790652751923,
      "delta_score": 0.001866314560174942,
      "delta_avg_r1": 0.0021701380610466003,
      "delta_avg_r5": 0.0017361044883728027,
      "delta_avg_r10": 0.0017361044883728027,
      "checkpoint": "joint_clip_step_3726.pt",
      "run_dir": "joint_w0p06",
      "best_step": 2100,
      "best_epoch": 6
    },
    {
      "cls_weight": 0.09,
      "score": 0.5247540526092053,
      "avg_r1": 0.17050058394670486,
      "avg_r5": 0.6286168992519379,
      "avg_r10": 0.7405237257480621,
      "delta_score": 0.001179100573062919,
      "delta_avg_r1": -0.002097800374031067,
      "delta_avg_r5": 0.003110527992248535,
      "delta_avg_r10": 0.0018807649612426758,
      "checkpoint": null,
      "run_dir": "joint_w0p09",
      "best_step": 3600,
      "best_epoch": 9
    },
    {
      "cls_weight": 0.07,
      "score": 0.5243200190365315,
      "avg_r1": 0.1720920130610466,
      "avg_r5": 0.6257957220077515,
      "avg_r10": 0.7412470877170563,
      "delta_score": 0.0007450670003891213,
      "delta_avg_r1": -0.0005063712596893311,
      "delta_avg_r5": 0.0002893507480621338,
      "delta_avg_r10": 0.0026041269302368164,
      "checkpoint": null,
      "run_dir": "joint_w0p07",
      "best_step": 1600,
      "best_epoch": 4
    },
    {
      "cls_weight": 0.1,
      "score": 0.5242621585726739,
      "avg_r1": 0.1712239533662796,
      "avg_r5": 0.6271701455116272,
      "avg_r10": 0.7400897145271301,
      "delta_score": 0.0006872065365315372,
      "delta_avg_r1": -0.0013744309544563293,
      "delta_avg_r5": 0.0016637742519378662,
      "delta_avg_r10": 0.001446753740310669,
      "checkpoint": null,
      "run_dir": "joint_w0p10",
      "best_step": 1100,
      "best_epoch": 3
    },
    {
      "cls_weight": 0.01,
      "score": 0.523972800374031,
      "avg_r1": 0.17607060074806213,
      "avg_r5": 0.6231915652751923,
      "avg_r10": 0.7395833134651184,
      "delta_score": 0.00039784833788869545,
      "delta_avg_r1": 0.0034722164273262024,
      "delta_avg_r5": -0.0023148059844970703,
      "delta_avg_r10": 0.0009403526782989502,
      "checkpoint": "joint_clip_step_3726.pt",
      "run_dir": "joint_w0p01",
      "best_step": 2484,
      "best_epoch": 6
    },
    {
      "cls_weight": 0.03,
      "score": 0.5235676981508732,
      "avg_r1": 0.17346643656492233,
      "avg_r5": 0.625434011220932,
      "avg_r10": 0.7378472089767456,
      "delta_score": -7.25388526912063e-06,
      "delta_avg_r1": 0.0008680522441864014,
      "delta_avg_r5": -7.236003875732422e-05,
      "delta_avg_r10": -0.0007957518100738525,
      "checkpoint": null,
      "run_dir": "joint_w0p03",
      "best_step": 3200,
      "best_epoch": 8
    },
    {
      "cls_weight": 0.05,
      "score": 0.5233507081866264,
      "avg_r1": 0.17115162312984467,
      "avg_r5": 0.6254340410232544,
      "avg_r10": 0.7394386827945709,
      "delta_score": -0.00022424384951591492,
      "delta_avg_r1": -0.0014467611908912659,
      "delta_avg_r5": -7.233023643493652e-05,
      "delta_avg_r10": 0.0007957220077514648,
      "checkpoint": "joint_clip_step_3726.pt",
      "run_dir": "joint_w0p05",
      "best_step": 2500,
      "best_epoch": 7
    },
    {
      "cls_weight": 0.02,
      "score": 0.5225549735128879,
      "avg_r1": 0.17375578731298447,
      "avg_r5": 0.6224681735038757,
      "avg_r10": 0.7381365597248077,
      "delta_score": -0.0010199785232544167,
      "delta_avg_r1": 0.0011574029922485352,
      "delta_avg_r5": -0.0030381977558135986,
      "delta_avg_r10": -0.0005064010620117188,
      "checkpoint": "joint_clip_step_3726.pt",
      "run_dir": "joint_w0p02",
      "best_step": 1300,
      "best_epoch": 4
    },
    {
      "cls_weight": 0.04,
      "score": 0.5221498951315879,
      "avg_r1": 0.17173032462596893,
      "avg_r5": 0.6231915652751923,
      "avg_r10": 0.737847238779068,
      "delta_score": -0.0014250569045544115,
      "delta_avg_r1": -0.0008680596947669983,
      "delta_avg_r5": -0.0023148059844970703,
      "delta_avg_r10": -0.0007957220077514648,
      "checkpoint": null,
      "run_dir": "joint_w0p04",
      "best_step": 1500,
      "best_epoch": 4
    }
  ],
  "kept_checkpoints": [
    "/storage/ice1/7/8/dwu400/FashionGenFineTuning/kept_results/lambda_sweep_20260331/lambda_sweep_20260331_143148/joint_w0p06/joint_clip_step_3726.pt",
    "/storage/ice1/7/8/dwu400/FashionGenFineTuning/kept_results/lambda_sweep_20260331/lambda_sweep_20260331_143148/joint_w0p08/joint_clip_step_3726.pt"
  ]
}